gene,n_instruments,mean_beta,min_pval
TCF7L2,344,0.42,1e-15
SLC30A8,76,-0.3,1e-14
PPARG,65,-0.25,1e-08
MAFA,59,0.35,1e-07
GCK,37,0.22000000000000003,1e-10
KCNJ11,20,0.15,1e-06
INS,19,-0.2068421052631579,1e-12
PDX1,10,-0.28,1e-09
SLC2A2,9,-0.18,1e-08
HSPA5,2,0.25,1e-07
ALDH1A3,1,0.35,1e-10
ATF6,1,0.2,1e-06
DDIT3,1,0.28,1e-09
SOX9,1,-0.22,1e-07
XBP1,1,-0.3,1e-08
