SNP,beta,se,pval
rs689,0.0,0.0,5e-196
rs3842753,0.003119095,0.000327034,1e-21
rs11619319,0.115,0.023,4e-07
rs62621812,0.045343038,0.0051155896,2e-21
rs1799884,0.04,0.0,1e-20
rs11920090,0.02,0.004,8e-13
rs391957,0.01506,0.0,2e-10
rs2097461,,,
rs2340721,,,
rs697221,,,
rs7076872,,,
rs12601701,,,
rs7903146,0.0,0.0,8e-12
rs5219,0.0,0.0,6.999999999999999e-11
rs1801282,0.0,0.0,2e-06
rs13266634,0.0,0.0,5e-08
