{
  "component_analysis": {
    "components": {
      "0": {
        "module": "biosynthetic",
        "top_genes": [
          [
            "INS",
            1648.7574544586691
          ],
          [
            "MT-CO1",
            109.47536770298221
          ],
          [
            "ENSG00000269028",
            50.88964088054714
          ],
          [
            "ENSG00000255823",
            47.00795727696903
          ],
          [
            "MT-CO3",
            39.88581057914112
          ],
          [
            "MT-ND4",
            31.297888300236565
          ],
          [
            "ENSG00000256618",
            31.207454030876566
          ],
          [
            "GNAS",
            27.51629554930748
          ],
          [
            "MT-CO2",
            26.963893668970716
          ],
          [
            "MT-ND5",
            26.30305358106269
          ]
        ],
        "scores": {
          "biosynthetic": 138.2532334980077,
          "metabolic": 1.6353720441089035,
          "stress": 0.3592223526826948,
          "dedifferentiation": 0.0329870063689881
        }
      },
      "1": {
        "module": "biosynthetic",
        "top_genes": [
          [
            "MT-CO1",
            531.7271130326352
          ],
          [
            "ENSG00000269028",
            498.4081774546308
          ],
          [
            "ENSG00000255823",
            315.03708160286567
          ],
          [
            "MT-CYB",
            177.2139103181773
          ],
          [
            "MT-ND4",
            157.2328447027933
          ],
          [
            "ENSG00000256045",
            127.43979522532764
          ],
          [
            "MT-CO3",
            98.42789534258745
          ],
          [
            "MT-CO2",
            95.66989079115316
          ],
          [
            "ENSG00000256618",
            93.50676504189312
          ],
          [
            "MT-ND5",
            83.66837838069479
          ]
        ],
        "scores": {
          "biosynthetic": 6.918075740817705,
          "metabolic": 1.9607248674735775,
          "stress": 1.8351912016314385,
          "dedifferentiation": 0.07495421776574011
        }
      },
      "2": {
        "module": "metabolic",
        "top_genes": [
          [
            "MT-CO1",
            395.4944798829907
          ],
          [
            "MT-CO2",
            309.9417487232383
          ],
          [
            "MT-CYB",
            307.95879335352953
          ],
          [
            "MT-ND4",
            306.54906013852394
          ],
          [
            "MT-ND5",
            110.6442678937804
          ],
          [
            "MT-ATP6",
            69.49301687323012
          ],
          [
            "MT-ND4L",
            58.672249015778355
          ],
          [
            "MT-CO3",
            57.2850405342237
          ],
          [
            "MT-ND2",
            51.45783254300506
          ],
          [
            "CALM2",
            35.55171352482605
          ]
        ],
        "scores": {
          "biosynthetic": 1.826680449668452,
          "metabolic": 2.1943339159629653,
          "stress": 1.5832841493316143,
          "dedifferentiation": 0.0019460088617622232
        }
      },
      "3": {
        "module": "biosynthetic",
        "top_genes": [
          [
            "FTL",
            372.29895486503943
          ],
          [
            "FTH1",
            310.38056091768647
          ],
          [
            "RBP4",
            46.47563961855286
          ],
          [
            "PSAP",
            42.89571876374296
          ],
          [
            "CHGB",
            32.22531851332645
          ],
          [
            "ACTB",
            23.02339651175944
          ],
          [
            "HSP90AB1",
            22.84010263384859
          ],
          [
            "HSPA8",
            22.51219574310623
          ],
          [
            "MT-ND5",
            17.035354525015777
          ],
          [
            "SQSTM1",
            16.98838124128892
          ]
        ],
        "scores": {
          "biosynthetic": 3.67869864191503,
          "metabolic": 0.9299603676686645,
          "stress": 2.6490874284459918,
          "dedifferentiation": 0.09695777218061476
        }
      },
      "4": {
        "module": "biosynthetic",
        "top_genes": [
          [
            "IAPP",
            297.2465818358774
          ],
          [
            "MT-CO1",
            185.01816010695072
          ],
          [
            "ENSG00000225840",
            118.62415117974427
          ],
          [
            "CHGB",
            85.05389065749422
          ],
          [
            "MT-CO3",
            63.68989648166473
          ],
          [
            "GNAS",
            53.76762466300613
          ],
          [
            "MT-ND1",
            41.63327733719504
          ],
          [
            "RBP4",
            39.23614191386596
          ],
          [
            "PSAP",
            23.409728357822534
          ],
          [
            "MT-ND2",
            23.052062601784957
          ]
        ],
        "scores": {
          "biosynthetic": 36.417724163901816,
          "metabolic": 2.560976973005897,
          "stress": 1.0806713189049246,
          "dedifferentiation": 0.025570680567121598
        }
      }
    },
    "module_assignments": {
      "0": {
        "module": "biosynthetic",
        "score": 138.2532334980077,
        "all_scores": {
          "biosynthetic": 138.2532334980077,
          "metabolic": 1.6353720441089035,
          "stress": 0.3592223526826948,
          "dedifferentiation": 0.0329870063689881
        }
      },
      "1": {
        "module": "biosynthetic",
        "score": 6.918075740817705,
        "all_scores": {
          "biosynthetic": 6.918075740817705,
          "metabolic": 1.9607248674735775,
          "stress": 1.8351912016314385,
          "dedifferentiation": 0.07495421776574011
        }
      },
      "2": {
        "module": "metabolic",
        "score": 2.1943339159629653,
        "all_scores": {
          "biosynthetic": 1.826680449668452,
          "metabolic": 2.1943339159629653,
          "stress": 1.5832841493316143,
          "dedifferentiation": 0.0019460088617622232
        }
      },
      "3": {
        "module": "biosynthetic",
        "score": 3.67869864191503,
        "all_scores": {
          "biosynthetic": 3.67869864191503,
          "metabolic": 0.9299603676686645,
          "stress": 2.6490874284459918,
          "dedifferentiation": 0.09695777218061476
        }
      },
      "4": {
        "module": "biosynthetic",
        "score": 36.417724163901816,
        "all_scores": {
          "biosynthetic": 36.417724163901816,
          "metabolic": 2.560976973005897,
          "stress": 1.0806713189049246,
          "dedifferentiation": 0.025570680567121598
        }
      }
    }
  },
  "validation": {
    "score_biosynthetic": {
      "t2d_mean": 24.821523471951487,
      "healthy_mean": 31.539915024557537,
      "pvalue": 7.804011002620239e-08,
      "cohens_d": -0.5883316588428325,
      "direction": "DOWN",
      "significant": true
    },
    "score_metabolic": {
      "t2d_mean": 9.817252591437992,
      "healthy_mean": 36.61296743828292,
      "pvalue": 1.7409563937995186e-12,
      "cohens_d": -0.9539002527774539,
      "direction": "DOWN",
      "significant": true
    },
    "CWI": {
      "t2d_mean": 6.979443233159646,
      "healthy_mean": 5.5702152619678085,
      "pvalue": 0.0004048208001345285,
      "cohens_d": 0.4030392920438482,
      "direction": "UP",
      "significant": true
    }
  },
  "model_params": {
    "n_components": 5,
    "alpha": 0.1,
    "n_iterations": 300,
    "final_error": 102735933161.00536
  }
}